code_DEP,Departement,code_REG,Region,nb_habitants,pop_dens_km,pop_tx_var_10ans,tx_contri_sold_migratoire,pvt_tx,log_nb,log_tx_log_soci,coordonnees,solinum,emp_tx_prof_intellec_sup,emp_tx_prof_interm,tx_employés,emp_tx_prof_autres,emp_tx_chom,log_energivore,ste_ensemble_medecin,ste_medec_100000habitant,ste_gener_100000habitant,ste_special_100000habitant,ste_chirur_dent_100000habitant,ste_pharmacie_100000habitant,total,FEMME,45-54,35-44,55-64,Augmentation_forte_nombre_personnes_aidées_alim_pourcent,Personnes_âgées,Handicapées,Accueil,Social
1,AIN,84,AUVERGNE-RHONE-ALPES,660875.0,114.0,9.45,5.45,10.5,321432.0,17.0,"46.09981222214454, 5.349010284777233",0,14.9,26.7,26.2,0.7,5.5,33.0,1162,174,99,75,53,78,514342,263702,91848,86189,80394,0.2,58953.0,80184.0,80184.0,80184.0
2,AISNE,32,HAUTS-DE-FRANCE,526857.0,72.0,-2.67,-3.22,18.0,266922.0,18.0,"49.5613114903635, 3.5591646648764845",0,8.2,22.3,30.0,2.5,10.5,35.0,1107,211,99,111,45,91,423890,219924,68518,64458,71817,0.16,80498.0,88388.0,88388.0,88388.0
3,ALLIER,84,AUVERGNE-RHONE-ALPES,333042.0,45.0,-2.83,1.83,15.3,208863.0,12.0,"46.39350541162906, 3.1876604149220134",0,8.9,22.6,31.3,1.2,7.7,20.0,917,275,134,141,51,111,281393,148129,42927,37464,48212,0.2,62464.0,46598.0,46598.0,46598.0
4,ALPES-DE-HAUTE-PROVENCE,93,PROVENCE ALPES COTE D'AZUR,165171.0,24.0,2.62,5.33,16.6,129690.0,10.0,"44.10625105773586, 6.24490104702585",0,11.4,25.6,28.9,1.1,8.2,24.0,483,291,165,125,54,103,136412,71062,21502,18839,24210,0.37,21838.0,19049.0,19049.0,19049.0
5,HAUTES-ALPES,93,PROVENCE ALPES COTE D'AZUR,141039.0,25.0,1.76,2.57,13.9,137644.0,12.0,"44.66388560625252, 6.264984968675799",0,9.9,27.2,31.3,0.6,6.9,28.0,705,503,291,213,72,135,116583,60262,18697,16740,20797,0.37,19099.0,22546.0,22546.0,22546.0
6,ALPES-MARITIMES,93,PROVENCE ALPES COTE D'AZUR,1101039.0,253.0,1.83,1.77,16.2,778291.0,11.0,"43.93830706961171, 7.116261901887839",1,17.3,24.7,31.5,1.2,7.4,5.0,5095,461,173,288,123,123,910153,487072,144256,134272,139242,0.37,141360.0,130416.0,130416.0,130416.0
7,ARDÈCHE,84,AUVERGNE-RHONE-ALPES,329841.0,59.0,3.96,6.05,14.3,206435.0,9.0,"44.75264497103803, 4.425505479092914",1,10.5,25.0,28.1,0.8,8.1,21.0,777,235,121,113,48,97,269905,139474,44200,38497,46765,0.2,56226.0,36511.0,36511.0,36511.0
8,ARDENNES,44,GRAND EST,267127.0,51.0,-5.65,-5.0,18.3,142983.0,20.0,"49.61618567070246, 4.640219515300967",0,7.8,22.7,29.8,2.2,9.4,17.0,642,241,126,115,42,104,219215,113341,35803,32933,38404,0.17,45917.0,43233.0,43233.0,43233.0
9,ARIÈGE,76,OCCITANIE,153197.0,31.0,0.6,4.56,17.9,110526.0,5.0,"42.92082262395482, 1.503751163876511",0,9.2,23.7,32.0,1.4,9.4,0.0,408,264,163,102,60,97,127929,65907,20175,17699,22782,0.2,24612.0,19446.0,19446.0,19446.0
10,AUBE,44,GRAND EST,310804.0,52.0,2.24,1.76,16.2,166101.0,22.0,"48.30462752711162, 4.161547941143988",0,10.4,22.5,29.5,1.7,9.6,24.0,714,229,112,117,48,87,250301,130264,39317,37250,39747,0.17,44666.0,40628.0,40628.0,40628.0
11,AUDE,76,OCCITANIE,378068.0,61.0,5.03,7.73,20.0,265167.0,10.0,"43.10335293188016, 2.413659884464158",0,9.7,23.5,32.5,1.6,10.1,9.0,1091,288,143,145,63,114,309502,162772,48533,43031,52279,0.2,51563.0,64251.0,64251.0,64251.0
12,AVEYRON,76,OCCITANIE,279997.0,32.0,1.52,5.86,14.0,182769.0,7.0,"44.281094142374876, 2.678698514723995",0,9.5,23.5,28.0,0.7,5.7,20.0,714,255,139,117,57,118,234059,119577,36071,31718,40222,0.2,52785.0,46980.0,46980.0,46980.0
13,BOUCHES-DU-RHÔNE,93,PROVENCE ALPES COTE D'AZUR,2056455.0,402.0,4.08,-0.17,17.9,1044973.0,18.0,"43.5458050138802, 5.0849402507414005",1,18.4,26.7,29.1,1.6,8.7,5.0,9345,453,178,275,96,137,1660581,880298,266712,257450,251403,0.37,253792.0,326761.0,326761.0,326761.0
14,CALVADOS,28,NORMANDIE,695207.0,125.0,1.45,0.85,11.9,422082.0,19.0,"49.099741691836, -0.36171665843777423",0,13.4,24.9,29.3,1.2,6.4,17.0,2698,386,168,217,52,113,567398,299234,87747,82655,91484,0.17,89188.0,78459.0,78459.0,78459.0
15,CANTAL,84,AUVERGNE-RHONE-ALPES,143790.0,25.0,-2.57,4.39,13.2,101953.0,9.0,"45.051282547335646, 2.668862158247028",1,8.2,20.9,29.7,0.6,4.1,22.0,412,287,168,119,44,123,122786,63112,19145,16409,22337,0.2,29748.0,31191.0,31191.0,31191.0
16,CHARENTE,75,NOUVELLE-AQUITAINE,350888.0,59.0,-0.52,2.35,14.6,198920.0,10.0,"45.718596522043576, 0.2031422772285069",1,10.3,22.5,28.8,1.5,6.9,12.0,883,251,130,122,46,97,293079,152971,46018,41120,51299,0.19,51780.0,49977.0,49977.0,49977.0
17,CHARENTE-MARITIME,75,NOUVELLE-AQUITAINE,656951.0,95.0,5.0,8.91,12.4,440935.0,10.0,"45.77533966438596, -0.6793283110810857",0,11.2,23.7,30.9,1.0,6.9,3.0,2163,326,179,148,62,109,546520,288460,82890,73009,93387,0.19,79015.0,101666.0,101666.0,101666.0
18,CHER,24,CENTRE-VAL DE LOIRE,298669.0,41.0,-4.18,-0.98,14.0,179430.0,15.0,"47.065824279321774, 2.4910776129449554",0,10.3,23.4,30.4,1.6,7.5,29.0,588,197,97,100,42,85,251135,130808,39245,34977,43299,0.17,40530.0,52856.0,52856.0,52856.0
19,CORRÈZE,75,NOUVELLE-AQUITAINE,239019.0,41.0,-1.42,3.95,13.1,155041.0,9.0,"45.35734671555727, 1.8777295216447183",0,10.0,24.2,29.9,0.8,6.1,31.0,684,288,146,142,59,116,202279,105279,30998,27123,34992,0.19,41913.0,47229.0,47229.0,47229.0
2A,CORSE-DU-SUD,94,CORSE,161082.0,40.0,10.45,11.54,16.3,122005.0,9.0,"41.863813512821714, 8.9883666382915",0,10.2,23.6,35.2,1.0,5.8,15.0,570,350,161,189,83,116,132162,69245,22267,20534,20762,,,,,
2B,HAUTE-CORSE,94,CORSE,185528.0,40.0,10.01,10.78,20.1,133540.0,11.0,"42.394681192982304, 9.206657872526815",0,9.5,21.8,35.2,1.2,6.4,10.0,556,299,157,143,61,112,152228,78486,24592,23221,23708,,,,,
21,CÔTE-D'OR,27,BOURGOGNE-FRANCHE-COMTE,534164.0,61.0,1.57,0.34,11.5,292479.0,15.0,"47.425492895683526, 4.771847199372279",1,15.3,26.1,27.7,1.2,5.6,16.0,2239,418,164,254,56,136,440844,230957,68048,65114,68371,0.17,56949.0,84080.0,84080.0,84080.0
22,CÔTES-D'ARMOR,53,BRETAGNE,600924.0,87.0,1.1,4.34,12.1,371643.0,8.0,"48.44028430954585, -2.8645453935079903",1,10.8,23.6,27.6,0.8,6.3,13.0,1586,261,141,121,54,94,492530,257506,76777,67401,84979,0.17,88712.0,68575.0,68575.0,68575.0
23,CREUSE,75,NOUVELLE-AQUITAINE,114609.0,21.0,-6.49,3.37,18.3,88646.0,10.0,"46.09055957495206, 2.018507633096792",0,8.5,21.0,31.3,1.1,7.0,25.0,250,219,128,91,33,119,99869,51734,14787,12477,18881,0.19,34296.0,24371.0,24371.0,24371.0
24,DORDOGNE,75,NOUVELLE-AQUITAINE,412163.0,45.0,-0.72,5.19,16.1,261104.0,7.0,"45.10486822163117, 0.7411059082083953",1,8.8,21.9,30.4,1.1,7.2,12.0,1007,244,134,110,50,86,349631,183193,53142,45470,63512,0.19,72172.0,47527.0,47527.0,47527.0
25,DOUBS,27,BOURGOGNE-FRANCHE-COMTE,546224.0,104.0,3.24,-0.28,12.2,283778.0,15.0,"47.165991157027015, 6.3627714920281235",0,13.0,24.9,25.6,1.2,6.6,11.0,1963,358,159,199,55,112,437639,225943,69500,68068,65685,0.17,57958.0,74450.0,74450.0,74450.0
26,DRÔME,84,AUVERGNE-RHONE-ALPES,521894.0,80.0,6.95,4.82,14.4,277777.0,13.0,"44.68531120288568, 5.167251645101597",0,12.8,25.8,26.8,1.0,7.9,7.0,1537,295,144,151,62,104,415379,216965,67835,63182,67265,0.2,77865.0,78478.0,78478.0,78478.0
27,EURE,28,NORMANDIE,595697.0,99.0,1.29,-1.38,12.3,298148.0,17.0,"49.11387373799884, 0.9961465493366105",0,11.4,24.8,27.8,1.3,7.1,18.0,986,165,90,75,37,107,474365,245913,81332,75417,78714,0.17,51567.0,64400.0,64400.0,64400.0
28,EURE-ET-LOIR,24,CENTRE-VAL DE LOIRE,429083.0,73.0,-0.31,-2.66,11.8,217440.0,18.0,"48.388123476079826, 1.3700954428023382",0,12.5,25.7,28.2,1.2,6.7,23.0,834,194,86,108,41,103,342456,176936,57891,53575,55953,0.17,38524.0,64263.0,64263.0,64263.0
29,FINISTÈRE,53,BRETAGNE,919983.0,136.0,2.24,4.14,11.0,549039.0,11.0,"48.2618259457523, -4.059875185401833",0,13.5,25.9,28.5,0.9,6.2,9.0,3387,367,182,184,64,98,753260,391905,119762,108537,127014,0.17,112242.0,155678.0,155678.0,155678.0
30,GARD,76,OCCITANIE,751840.0,128.0,4.66,3.76,19.4,431684.0,12.0,"43.993711551717084, 4.179939655086049",0,11.9,25.0,30.4,1.7,9.9,3.0,2345,310,138,172,70,111,611264,320913,98284,88884,102315,0.2,95828.0,80376.0,80376.0,80376.0
31,HAUTE-GARONNE,76,OCCITANIE,1434439.0,223.0,13.82,7.96,13.3,740546.0,14.0,"43.35877912439024, 1.1747830086462059",1,25.2,27.4,24.9,1.4,7.4,6.0,5996,413,166,247,93,110,1139531,590243,184324,189356,156598,0.2,144826.0,215256.0,215256.0,215256.0
32,GERS,76,OCCITANIE,191910.0,31.0,1.6,6.61,15.0,111536.0,7.0,"43.692734765949986, 0.4527602817696125",0,11.7,23.7,27.4,0.7,5.7,7.0,434,225,139,87,60,99,160246,83050,25586,21554,28785,0.2,40023.0,32798.0,32798.0,32798.0
33,GIRONDE,75,NOUVELLE-AQUITAINE,1661929.0,153.0,13.55,10.59,12.4,886986.0,14.0,"44.83892811308482, -0.5825308059448392",1,18.3,26.5,27.5,1.1,6.5,3.0,7312,437,180,257,81,119,1328501,700926,217714,211087,194244,0.19,178525.0,267079.0,267079.0,267079.0
34,HÉRAULT,76,OCCITANIE,1203899.0,194.0,13.36,10.98,18.7,739737.0,12.0,"43.579581366631686, 3.36861681567954",1,16.8,26.3,29.0,1.9,10.1,5.0,5356,440,176,263,87,131,966129,511692,148921,144197,142813,0.2,180729.0,165166.0,165166.0,165166.0
35,ILLE-ET-VILAINE,53,BRETAGNE,1098420.0,160.0,10.23,6.02,10.7,561343.0,15.0,"48.1548775811255, -1.6382039915945992",0,18.0,26.4,26.1,0.9,5.4,9.0,4046,365,160,205,67,102,863820,447439,142362,138325,123243,0.17,125139.0,152682.0,152682.0,152682.0
36,INDRE,24,CENTRE-VAL DE LOIRE,216392.0,32.0,-5.99,-0.35,14.6,138826.0,17.0,"46.77821240537032, 1.5760178006102292",1,8.6,21.7,30.8,1.2,7.1,26.0,425,197,111,85,35,96,183995,96052,28479,24440,32240,0.17,32212.0,30687.0,30687.0,30687.0
37,INDRE-ET-LOIRE,24,CENTRE-VAL DE LOIRE,612237.0,99.0,3.13,1.69,12.4,328095.0,18.0,"47.25832097443905, 0.691235175212491",0,15.1,27.0,28.5,1.3,6.5,13.0,2406,391,161,230,50,127,498515,262356,78448,73892,77844,0.17,71860.0,82653.0,82653.0,82653.0
38,ISÈRE,84,AUVERGNE-RHONE-ALPES,1280557.0,171.0,5.38,0.47,11.3,659031.0,17.0,"45.26388722545036, 5.574008574839408",0,19.0,27.3,25.5,1.1,5.9,21.0,4343,337,152,185,58,110,1013585,522681,170574,161624,153520,0.2,173226.0,173964.0,173964.0,173964.0
39,JURA,27,BOURGOGNE-FRANCHE-COMTE,257906.0,52.0,-1.3,-0.13,11.2,150475.0,12.0,"46.72943394249678, 5.697387097913755",0,10.0,24.6,26.5,0.7,5.1,26.0,632,246,141,105,47,104,211690,109495,34606,31014,35480,0.17,30548.0,44649.0,44649.0,44649.0
40,LANDES,75,NOUVELLE-AQUITAINE,419507.0,45.0,8.14,10.37,11.4,262370.0,7.0,"43.96578236668483, -0.7838552363340991",0,9.9,24.0,31.0,0.7,6.9,6.0,1253,295,173,122,66,105,343087,178935,56716,49626,58425,0.19,68527.0,47402.0,47402.0,47402.0
41,LOIR-ET-CHER,24,CENTRE-VAL DE LOIRE,326778.0,52.0,-1.36,0.27,12.5,185077.0,14.0,"47.616928384760406, 1.4281468197589435",0,11.0,23.5,28.7,0.9,6.0,21.0,755,231,114,116,47,96,269610,140145,42932,38248,45794,0.17,43582.0,45515.0,45515.0,45515.0
42,LOIRE,84,AUVERGNE-RHONE-ALPES,766473.0,160.0,2.33,0.77,15.0,401112.0,17.0,"45.72801037558438, 4.164801042931021",0,11.9,25.4,27.8,1.6,7.2,19.0,2659,345,161,184,54,92,617456,323689,96608,90445,95087,0.2,99268.0,117908.0,117908.0,117908.0
43,HAUTE-LOIRE,84,AUVERGNE-RHONE-ALPES,227229.0,46.0,1.03,3.51,11.9,143916.0,8.0,"45.128068632169416, 3.806228683500142",0,8.7,24.2,28.0,0.7,5.6,25.0,555,244,151,94,49,102,186507,95797,30622,26758,32314,0.2,34162.0,33825.0,33825.0,33825.0
44,LOIRE-ATLANTIQUE,52,PAYS DE LA LOIRE,1461267.0,212.0,12.72,8.29,10.0,764010.0,14.0,"47.36311742953757, -1.679195748765529",1,19.2,27.3,25.4,1.0,5.7,3.0,5254,355,162,193,68,95,1140074,593887,189487,184965,167147,0.1,129698.0,169890.0,169890.0,169890.0
45,LOIRET,24,CENTRE-VAL DE LOIRE,684609.0,101.0,3.79,0.44,13.2,348977.0,17.0,"47.911821612165156, 2.344705382486571",0,14.3,25.9,27.1,1.2,7.1,18.0,1580,231,101,129,47,98,542556,281609,88299,84264,84252,0.17,67186.0,80469.0,80469.0,80469.0
46,LOT,76,OCCITANIE,174282.0,33.0,-0.27,5.63,14.9,119499.0,6.0,"44.624631360558894, 1.605233638083986",0,10.9,22.8,28.4,0.9,7.3,13.0,456,260,147,114,60,96,147880,76812,22036,18825,27456,0.2,39514.0,28638.0,28638.0,28638.0
47,LOT-ET-GARONNE,75,NOUVELLE-AQUITAINE,329848.0,62.0,-0.31,2.39,16.8,187058.0,7.0,"44.36770898640818, 0.460803506459925",0,9.3,22.7,29.0,1.1,7.4,4.0,823,250,125,125,47,105,274395,144416,42007,37629,46801,0.19,51575.0,47931.0,47931.0,47931.0
48,LOZÈRE,76,OCCITANIE,76604.0,15.0,-0.72,4.29,14.9,61547.0,8.0,"44.517666205042616, 3.4994467915098935",0,8.9,24.2,29.2,0.6,4.7,38.0,179,234,135,99,39,114,63867,32165,10123,8916,11150,0.2,13249.0,14863.0,14863.0,14863.0
49,MAINE-ET-LOIRE,52,PAYS DE LA LOIRE,822488.0,114.0,4.07,0.8,11.1,400508.0,18.0,"47.38988733809947, -0.5593311395503306",0,12.6,24.5,26.6,1.2,6.5,12.0,2889,350,161,189,50,102,651765,339327,103974,98961,100384,0.1,92063.0,97306.0,97306.0,97306.0
50,MANCHE,28,NORMANDIE,492667.0,83.0,-1.37,0.78,11.4,299656.0,17.0,"49.08069790888211, -1.3290151532768797",0,9.8,24.3,28.2,0.8,5.1,33.0,1253,254,129,125,38,90,407407,210649,63319,57387,71067,0.17,58087.0,76316.0,76316.0,76316.0
51,MARNE,44,GRAND EST,563998.0,69.0,-0.45,-2.88,14.2,297288.0,28.0,"48.94976087814877, 4.238801056326166",0,13.5,23.7,28.4,1.5,7.1,19.0,2076,367,158,210,73,123,459587,239995,72607,70552,70932,0.17,49430.0,72556.0,72556.0,72556.0
52,HAUTE-MARNE,44,GRAND EST,168391.0,27.0,-7.67,-4.84,15.0,100382.0,20.0,"48.11033119934956, 5.225801420209473",0,8.0,21.2,30.8,1.3,6.4,19.0,393,233,130,103,42,94,143214,73745,22122,20185,25208,0.17,25489.0,26734.0,26734.0,26734.0
53,MAYENNE,52,PAYS DE LA LOIRE,306224.0,59.0,-0.26,-1.29,11.0,158083.0,12.0,"48.14689421137741, -0.6574598347265657",0,9.4,23.0,25.4,0.8,5.0,19.0,584,191,109,82,33,83,245139,125490,39933,36264,39737,0.1,34537.0,48225.0,48225.0,48225.0
54,MEURTHE-ET-MOSELLE,44,GRAND EST,732085.0,139.0,-0.14,-1.55,14.6,379680.0,16.0,"48.78875337535194, 6.162029852295724",0,14.2,26.1,30.1,1.8,7.0,19.0,2957,405,164,240,74,121,600851,312633,92665,91380,93473,0.17,90843.0,86750.0,86750.0,86750.0
55,MEUSE,44,GRAND EST,180059.0,29.0,-6.97,-5.34,14.2,99834.0,12.0,"48.991381722980144, 5.381404176213991",0,7.9,21.7,30.8,1.4,7.2,17.0,360,200,127,73,42,89,150501,76656,23892,22055,26569,0.17,22437.0,28957.0,28957.0,28957.0
56,MORBIHAN,53,BRETAGNE,767088.0,111.0,5.5,7.2,11.5,472749.0,11.0,"47.84670863378861, -2.8112725683915296",1,11.8,24.7,27.9,0.7,5.8,16.0,2579,334,178,156,62,99,623152,325037,99522,88374,108220,0.17,98321.0,86111.0,86111.0,86111.0
57,MOSELLE,44,GRAND EST,1045213.0,167.0,0.01,-0.76,15.3,523268.0,17.0,"49.03749976896114, 6.661543534314288",0,12.4,25.3,30.2,1.4,7.2,16.0,2773,264,126,138,64,90,858850,443332,141019,135522,146550,0.17,99026.0,88639.0,88639.0,88639.0
58,NIÈVRE,27,BOURGOGNE-FRANCHE-COMTE,201110.0,30.0,-7.89,-1.24,15.5,141411.0,13.0,"47.115542180302846, 3.504103910212214",0,9.5,22.5,30.8,1.3,6.7,19.0,441,221,120,101,45,111,172846,90783,25019,21901,31344,0.17,40101.0,36954.0,36954.0,36954.0
59,NORD,32,HAUTS-DE-FRANCE,2607879.0,453.0,1.11,-3.43,18.4,1232504.0,25.0,"50.44852078126609, 3.213886526319898",1,15.7,24.9,28.2,2.6,9.3,19.0,9315,357,157,201,61,115,2066294,1086115,330852,331648,310896,0.16,332466.0,376449.0,376449.0,376449.0
60,OISE,32,HAUTS-DE-FRANCE,831944.0,142.0,3.26,-1.51,12.8,378048.0,20.0,"49.40990360817456, 2.4252139608099696",0,13.6,26.1,28.6,1.6,7.4,23.0,1736,209,102,107,45,84,652010,336564,114219,108445,103565,0.16,74961.0,131005.0,131005.0,131005.0
61,ORNE,28,NORMANDIE,275624.0,45.0,-5.25,-2.24,15.0,165100.0,16.0,"48.623053835003105, 0.12723347648430974",0,8.3,20.5,28.4,1.3,6.6,38.0,644,235,130,105,34,98,230624,119689,35336,31177,40225,0.17,48315.0,39550.0,39550.0,39550.0
62,PAS-DE-CALAIS,32,HAUTS-DE-FRANCE,1460003.0,219.0,-0.19,-2.03,17.8,720800.0,26.0,"50.49381784252313, 2.2861168397444542",0,9.3,23.5,30.7,2.3,8.3,15.0,3692,253,129,125,48,101,1163984,607768,190334,182340,189881,0.16,229165.0,183030.0,183030.0,183030.0
63,PUY-DE-DÔME,84,AUVERGNE-RHONE-ALPES,669014.0,84.0,5.28,4.96,13.2,392038.0,14.0,"45.72585929129806, 3.14032352712791",1,15.8,25.4,27.8,1.3,6.3,11.0,2486,373,155,218,74,132,546789,285009,86186,81234,86468,0.2,73559.0,88883.0,88883.0,88883.0
64,PYRÉNÉES-ATLANTIQUES,75,NOUVELLE-AQUITAINE,688474.0,90.0,4.85,6.37,12.2,413357.0,12.0,"43.256240420302206, -0.760723252206718",0,14.1,26.4,28.8,0.8,5.7,2.0,2980,429,206,223,89,115,568036,299659,91405,83097,93267,0.19,88281.0,95358.0,95358.0,95358.0
65,HAUTES-PYRÉNÉES,76,OCCITANIE,230579.0,51.0,0.59,4.84,15.5,163634.0,12.0,"43.053544776351096, 0.16418963409702592",0,9.6,24.1,33.8,1.3,8.0,6.0,790,343,194,149,76,109,193519,101585,29702,25959,33945,0.2,56609.0,32660.0,32660.0,32660.0
66,PYRÉNÉES-ORIENTALES,76,OCCITANIE,483558.0,116.0,6.86,9.18,20.7,355661.0,11.0,"42.599717616843286, 2.522424602404349",0,10.0,24.5,32.6,1.8,11.7,1.0,1644,337,163,174,77,107,396420,211039,61237,55046,64168,0.2,61764.0,61819.0,61819.0,61819.0
67,BAS-RHIN,44,GRAND EST,1150899.0,240.0,4.7,1.5,13.2,567991.0,14.0,"48.67156226769685, 7.552175550906595",1,16.9,25.6,26.4,1.3,6.2,19.0,4743,408,168,240,91,116,934551,485467,153649,148793,148956,0.17,,,,
68,HAUT-RHIN,44,GRAND EST,767736.0,217.0,1.95,-0.22,13.2,382805.0,15.0,"47.85920406088563, 7.273928993323936",1,12.8,25.5,27.5,1.4,6.9,23.0,2321,302,130,172,63,101,622656,320868,106342,98932,103625,0.17,,,,
69,RHÔNE,84,AUVERGNE-RHONE-ALPES,1899599.0,579.0,8.91,0.93,14.1,937544.0,21.0,"45.87115398054047, 4.6407831798577845",0,23.7,27.4,25.1,1.4,6.4,15.0,8839,463,171,293,82,145,1501220,790708,235062,246503,197122,0.2,200863.0,302731.0,302731.0,302731.0
70,HAUTE-SAÔNE,27,BOURGOGNE-FRANCHE-COMTE,233489.0,44.0,-2.59,-1.67,13.0,128450.0,11.0,"47.64131356212024, 6.087499516615466",0,8.9,23.6,27.8,1.0,6.4,17.0,519,223,135,88,34,110,191572,98295,31786,28202,33497,0.17,24008.0,20618.0,20618.0,20618.0
71,SAÔNE-ET-LOIRE,27,BOURGOGNE-FRANCHE-COMTE,547937.0,64.0,-1.45,1.14,12.8,311966.0,17.0,"46.644829391775424, 4.5426759361459785",0,10.1,23.1,28.6,1.0,6.4,20.0,1471,268,129,139,50,100,455314,236937,71226,63413,78299,0.17,80606.0,95893.0,95893.0,95893.0
72,SARTHE,52,PAYS DE LA LOIRE,565314.0,91.0,-0.07,-1.05,12.9,293561.0,16.0,"47.99501991625301, 0.22291187707240268",0,11.0,23.7,28.4,1.4,7.2,20.0,1331,235,111,124,38,78,456126,237065,73216,66925,74698,0.1,72147.0,79089.0,79089.0,79089.0
73,SAVOIE,84,AUVERGNE-RHONE-ALPES,439852.0,72.0,4.99,2.74,10.3,352254.0,18.0,"45.47747169777474, 6.442828085071548",0,14.0,28.4,26.9,0.6,5.3,26.0,1728,388,203,186,70,120,355356,183305,60085,55706,56889,0.2,48154.0,61800.0,61800.0,61800.0
74,HAUTE-SAVOIE,84,AUVERGNE-RHONE-ALPES,841639.0,190.0,12.67,6.39,9.4,525404.0,14.0,"46.03484181673977, 6.428432001311222",1,15.3,28.3,26.8,0.6,5.5,14.0,2726,320,153,166,75,105,658457,338114,117908,116072,95414,0.2,67627.0,114253.0,114253.0,114253.0
75,PARIS,11,ILE-DE-FRANCE,2147716.0,20515.0,-4.54,-11.3,15.4,1389375.0,21.0,"48.85659797340654, 2.3426475363776667",1,46.4,22.3,18.3,1.3,5.7,13.0,18805,888,234,654,152,181,1850609,991505,278220,326224,238239,0.35,185786.0,243744.0,243744.0,243744.0
76,SEINE-MARITIME,28,NORMANDIE,1254203.0,200.0,0.23,-2.18,14.6,649681.0,26.0,"49.65476640750199, 1.0278506287305071",1,13.0,25.5,29.0,2.0,7.9,18.0,4172,333,140,193,49,109,1012614,533540,158570,154349,161069,0.17,165376.0,158618.0,158618.0,158618.0
77,SEINE-ET-MARNE,11,ILE-DE-FRANCE,1436063.0,241.0,7.29,-0.77,11.7,626435.0,19.0,"48.62746769165438, 2.9340845156550674",1,16.8,28.4,30.2,1.4,6.7,19.0,2836,196,89,107,52,73,1103915,574293,197027,191358,166457,0.35,90238.0,162476.0,162476.0,162476.0
78,YVELINES,11,ILE-DE-FRANCE,1457875.0,635.0,3.13,-4.55,9.7,649383.0,22.0,"48.8152466298361, 1.841059873972881",1,31.7,26.6,23.9,1.2,6.4,17.0,3891,267,108,159,63,89,1133740,589986,203270,191222,169323,0.35,80276.0,196937.0,196937.0,196937.0
79,DEUX-SÈVRES,75,NOUVELLE-AQUITAINE,374763.0,62.0,1.03,2.26,11.9,195568.0,9.0,"46.5567679735575, -0.31799493431454634",0,11.6,22.3,28.4,0.9,5.3,26.0,828,221,124,97,40,95,304808,157225,50092,44709,51539,0.19,45299.0,50753.0,50753.0,50753.0
80,SOMME,32,HAUTS-DE-FRANCE,567745.0,92.0,-0.61,-1.35,15.7,303449.0,17.0,"49.95781769239198, 2.2762045081426576",0,11.5,23.4,28.6,2.2,8.7,25.0,2037,360,167,194,41,123,462912,241597,73744,70043,72710,0.16,82557.0,76571.0,76571.0,76571.0
81,TARN,76,OCCITANIE,392053.0,68.0,3.81,5.89,15.3,214423.0,9.0,"43.78541989467343, 2.165790125034972",0,11.8,25.7,29.3,1.3,7.8,22.0,1129,287,138,149,63,102,321433,168461,51305,45178,53753,0.2,56616.0,67076.0,67076.0,67076.0
82,TARN-ET-GARONNE,76,OCCITANIE,262863.0,70.0,7.49,6.97,16.3,133522.0,8.0,"44.08576124428956, 1.2825536400311535",0,10.6,23.7,29.9,1.3,8.6,15.0,660,249,123,126,51,83,209247,108196,35277,31715,34099,0.2,37098.0,44763.0,44763.0,44763.0
83,VAR,93,PROVENCE ALPES COTE D'AZUR,1090123.0,181.0,7.64,8.68,15.3,729223.0,11.0,"43.442438006059916, 6.244737801308051",1,12.4,25.3,32.7,1.2,7.4,2.0,3576,324,154,171,81,112,897207,472490,139107,126348,145358,0.37,134664.0,133815.0,133815.0,133815.0
84,VAUCLUSE,93,PROVENCE ALPES COTE D'AZUR,562533.0,157.0,2.91,0.38,19.5,308505.0,14.0,"44.00717618468324, 5.177219594221764",0,11.9,24.1,28.5,1.5,9.5,11.0,1799,319,147,172,69,111,454048,239926,73904,68019,73696,0.37,60954.0,70376.0,70376.0,70376.0
85,VENDÉE,52,PAYS DE LA LOIRE,694684.0,102.0,8.26,8.85,8.9,430815.0,8.0,"46.67506626059697, -1.2984577395740315",0,9.0,23.0,27.5,0.6,5.2,9.0,1557,221,122,100,54,86,557052,288138,88220,79967,93524,0.1,77708.0,96577.0,96577.0,96577.0
86,VIENNE,75,NOUVELLE-AQUITAINE,439635.0,63.0,2.61,2.34,14.0,242907.0,13.0,"46.565206612719216, 0.4590676702083954",1,13.4,25.0,30.2,1.3,5.9,18.0,1550,352,156,196,43,111,360284,188427,54405,51462,57082,0.19,56053.0,48375.0,48375.0,48375.0
87,HAUTE-VIENNE,75,NOUVELLE-AQUITAINE,370651.0,67.0,-1.44,0.33,15.3,221194.0,14.0,"45.89243710130442, 1.2351170367540725",1,13.1,25.8,29.0,1.6,6.5,4.0,1465,395,173,222,50,150,310992,164908,47409,43040,50731,0.19,48356.0,73271.0,73271.0,73271.0
88,VOSGES,44,GRAND EST,360241.0,62.0,-4.91,-2.3,14.9,214287.0,14.0,"48.196334547616125, 6.380671173482065",0,9.1,23.0,29.1,1.4,7.5,21.0,889,248,144,104,55,98,300583,155838,47871,42783,53139,0.17,44370.0,39648.0,39648.0,39648.0
89,YONNE,27,BOURGOGNE-FRANCHE-COMTE,332048.0,45.0,-3.04,-0.69,14.3,197718.0,14.0,"47.84048366672975, 3.5635689571421962",0,9.7,22.7,29.2,1.2,6.7,16.0,701,212,108,104,34,87,273964,142370,43601,39397,46977,0.17,48628.0,52629.0,52629.0,52629.0
90,TERRITOIRE DE BELFORT,27,BOURGOGNE-FRANCHE-COMTE,138931.0,230.0,-3.08,-5.0,14.8,73180.0,22.0,"47.63160932417074, 6.928529127171011",0,16.1,24.0,27.3,1.6,8.3,18.0,457,331,143,189,57,110,114558,58134,18599,17776,18095,0.17,19712.0,11857.0,11857.0,11857.0
91,ESSONNE,11,ILE-DE-FRANCE,1310435.0,726.0,6.96,-2.55,13.2,570417.0,24.0,"48.522570258033575, 2.2430692741912135",1,22.4,28.0,27.5,1.5,6.4,12.0,3118,238,103,135,58,89,1015355,523999,177905,174558,147586,0.35,90614.0,180150.0,180150.0,180150.0
92,HAUTS-DE-SEINE,11,ILE-DE-FRANCE,1636156.0,9255.0,3.45,-5.8,11.9,807711.0,28.0,"48.847104238913886, 2.2450842144980547",1,40.6,23.7,21.5,1.3,5.9,12.0,6238,381,135,246,98,154,1297740,691630,223553,233854,174446,0.35,133767.0,189357.0,189357.0,189357.0
93,SEINE-SAINT-DENIS,11,ILE-DE-FRANCE,1668164.0,7025.0,9.04,-4.96,27.6,687238.0,37.0,"48.91785902114733, 2.4779510144806838",1,15.6,23.0,32.3,3.1,10.2,11.0,3971,237,99,138,55,69,1253942,644097,216006,231560,171527,0.35,191048.0,212867.0,212867.0,212867.0
94,VAL-DE-MARNE,11,ILE-DE-FRANCE,1425072.0,5762.0,6.85,-2.96,16.6,647289.0,30.0,"48.77749640614137, 2.4690404742418517",1,26.1,25.9,27.7,1.7,7.1,12.0,5461,384,122,262,73,103,1116114,587617,188702,195676,158289,0.35,132467.0,143225.0,143225.0,143225.0
95,VAL-D'OISE,11,ILE-DE-FRANCE,1267124.0,1006.0,7.35,-3.88,17.0,517063.0,27.0,"49.08281934295784, 2.130192329040719",1,19.0,27.5,29.6,1.8,8.0,14.0,2889,228,95,133,58,73,959519,500636,166001,168086,142884,0.35,88440.0,160578.0,160578.0,160578.0
971,GUADELOUPE,1,GUADELOUPE,377856.0,233.0,-6.62,-10.52,,231840.0,,"16.197654841538988, -61.54076933048766",0,8.9,22.2,,,18.6,0.0,1209,319,150,169,62,120,308786,170500,56493,46742,55968,0.31,81006.0,39316.0,39316.0,39316.0
972,MARTINIQUE,2,MARTINIQUE,356029.0,319.0,-9.24,-11.02,26.7,214788.0,,"14.654900798034882, -61.02042305022596",0,9.4,23.5,,,12.5,0.0,1171,332,152,180,68,99,299985,165111,53639,44151,57248,0.31,105644.0,41839.0,41839.0,41839.0
973,GUYANE,3,GUYANE,290528.0,3.0,22.3,-7.27,,94768.0,,"3.9221245246188112, -53.23768210547935",0,8.8,18.8,,,13.1,0.0,717,242,123,120,30,46,183762,95014,31568,35645,20548,0.31,13917.0,10202.0,10202.0,10202.0
974,LA RÉUNION,4,LA REUNION,866181.0,342.0,4.54,-7.47,35.6,383878.0,,"-21.13304515823391, 55.53241795519023",0,8.4,21.3,,,18.1,0.0,3170,364,176,189,67,94,652217,345348,123295,114330,103321,0.31,193024.0,128695.0,128695.0,128695.0
